Capacitance (C),Conductivity (G),Voltage (V)
6.51049142670632,0.8503249385068121,0
7.749291532294331,0.7520338720174273,1
9.707209762717063,0.576207685604032,2
1.8979522319531517,0.7725736772695083,3
4.931900451947956,0.12815590406090874,4
2.010544437468355,0.7771598099383941,5
